track_id,available_markets,popularity,genre,artist_name,track_name,popularity_y,acousticness,danceability,duration_ms,energy,instrumentalness,key,liveness,loudness,mode,speechiness,tempo,time_signature,valence
1fewSx2d5KIZ04wsooEBOz,AD,0.08333333333333333,Hip-Hop,Metro Boomin,Space Cadet (feat. Gunna),0.8421052631578947,0.4030278427814127,0.9234375000000001,0.30676361438590155,0.30780346820809257,0.00011476510067114094,F,0.3245747010274549,0.4743141773845811,Minor,0.14552501761804087,0.34317959919906005,4/4,0.6398650854096399
4EWCNWgDS8707fNSZ1oaA5,AE,0.5,Rap,Kanye West,Heartless,0.5789473684210527,0.04385872286953234,0.7484375000000002,0.3352619689035154,0.5765895953757226,0.0,A#,0.34310257705912073,0.744108244740168,Minor,0.34460887949260044,0.16924820864154627,4/4,0.617016646719617
4HlFJV71xXKIGcU3kRyttv,AG,0.16666666666666666,Dance,Train,"Hey, Soul Sister",0.7105263157894737,0.20257664136673106,0.5671875000000002,0.3565371532601926,0.9176300578034683,0.0,C#,0.0628263432710123,0.8719797784551333,Minor,0.07011980267794221,0.2439557166261232,4/4,0.8106843651398108
5TXDeTFVRVY7Cvt0Dw4vWW,AL,0.4166666666666667,Rap,XXXTENTACION,Revenge,0.6578947368421053,0.8565076099162662,0.6812500000000001,0.0,0.0,0.013624161073825504,B,0.10224018864746505,0.0,Minor,0.8308668076109937,0.5996375912227573,4/4,0.14155151778914155
50a8bKqlwDEqeiEknrzkTO,AM,0.08333333333333333,Rap,21 Savage,ball w/o you,0.5526315789473685,0.051088110461537245,0.9093750000000003,0.27647052320074883,0.5520231213872833,0.0012684563758389262,G#,0.15782381674246254,0.6466433722399821,Major,0.2360817477096547,0.5830478743649572,4/4,0.44510934609944514
5E30LdtzQTGqRvNd7l6kG5,AO,0.3333333333333333,Children’s Music,The Neighbourhood,Daddy Issues,0.5263157894736842,0.07420024352082567,0.434375,0.5164787782523613,0.39017341040462433,1.0,A#,0.1308741788782213,0.49869898148836517,Major,0.034178999295278366,0.14466564066921508,4/4,0.3123707975193124
6qn9YLKt13AGvpq9jfO8py,AR,0.16666666666666666,Dance,Rihanna,We Found Love,0.5,0.027318760348430195,0.6625000000000001,0.35083969353120886,0.7442196531791908,0.009261744966442952,C#,0.10560889338049521,0.8686343022823583,Major,0.05320648343904159,0.5002399510168959,4/4,0.5985202915895985
6VObnIkLVruX4UVyxWhlqm,AT,0.25,Soul,Adele,Skyfall - Full Length,0.2894736842105263,0.4567005688432673,0.056249999999999974,0.6134277259175454,0.43497109826589603,0.0,C,0.11571500757958567,0.6917701286149728,Minor,0.01761804087385483,0.06911416703900441,4/4,0.031552605810031546
6qn9YLKt13AGvpq9jfO8py,AU,0.16666666666666666,Pop,Rihanna,We Found Love,0.5263157894736842,0.027318760348430195,0.6625000000000001,0.35083969353120886,0.7442196531791908,0.009261744966442952,C#,0.10560889338049521,0.8686343022823583,Major,0.05320648343904159,0.5002399510168959,4/4,0.5985202915895985
0pqnGHJpmpxLKifKRmU6WP,AZ,0.5833333333333334,Rock,Imagine Dragons,Believer,0.8947368421052632,0.06806621768518514,0.7281250000000001,0.31074372855621357,0.7644508670520233,0.0,A#,0.06013137948458818,0.8768864768418706,Minor,0.3692741367159972,0.47511128762680166,4/4,0.6703296703296704
6n3HGiq4v35D6eFOSwqYuo,BA,0.08333333333333333,Rap,Drake,Teenage Fever,0.5263157894736842,0.12042450963940253,0.7156250000000002,0.3672945173927304,0.04479768786127164,0.1395973154362416,G#,0.11403065521307058,0.43275592892721726,Minor,0.22233967582804792,0.2442122159890119,4/4,0.1361114133391361
4HlFJV71xXKIGcU3kRyttv,BB,0.16666666666666666,Pop,Train,"Hey, Soul Sister",0.7368421052631579,0.20257664136673106,0.5671875000000002,0.3565371532601926,0.9176300578034683,0.0,C#,0.0628263432710123,0.8719797784551333,Minor,0.07011980267794221,0.2439557166261232,4/4,0.8106843651398108
0y1QJc3SJVPKJ1OvFmFqe6,BD,0.25,Rock,KALEO,Way Down We Go,0.5526315789473685,0.6341491733742969,0.27968750000000003,0.34523805136558455,0.3670520231213873,0.0022348993288590605,A#,0.09887148391443489,0.6056798751022229,Minor,0.3305144467935166,0.7920617584272451,4/4,0.3123707975193124
3GZD6HmiNUhxXYf8Gch723,BE,0.25,Alternative,Frank Ocean,Lost,0.21052631578947367,0.03104299032006909,0.9328125000000002,0.4203663916211226,0.4985549132947977,0.0012953020134228188,A#,0.24372578743473133,0.8335439744256932,Minor,0.7498238195912614,0.459357262241639,4/4,0.481014035469481
1zi7xx7UVEFkmKfv06H8x0,BF,0.5,Pop,Drake,One Dance,0.7368421052631579,0.009157662427908766,0.7593750000000001,0.1988582968796642,0.5187861271676301,0.019194630872483222,C#,0.5149065184436583,0.7666344509701881,Major,0.10007047216349543,0.3016928957950652,4/4,0.37112392557937113
0KKkJNfGyhkQ5aFogxQAPU,BG,0.5,Dance,Bruno Mars,That's What I Like,0.7894736842105263,0.014174419272057629,0.8484375000000001,0.31938942100394696,0.4465317919075146,0.0,C#,0.08270170119589018,0.833246598765891,Major,0.06131078224101479,0.5505469228350627,4/4,0.8814057229898814
4EWCNWgDS8707fNSZ1oaA5,BH,0.5,Pop,Kanye West,Heartless,0.5789473684210527,0.04385872286953234,0.7484375000000002,0.3352619689035154,0.5765895953757226,0.0,A#,0.34310257705912073,0.744108244740168,Minor,0.34460887949260044,0.16924820864154627,4/4,0.617016646719617
6FBzhcfgGacfXF3AmtfEaX,BI,0.08333333333333333,Hip-Hop,Steve Lacy,C U Girl,0.3157894736842105,0.7261595609089049,0.1625,0.03564044827878489,0.3208092485549133,0.351006711409396,B,0.13929594071079668,0.539588134711174,Minor,0.3269908386187456,0.2686789455393933,4/4,0.3907083015993907
2K7xn816oNHJZ0aVqdQsha,BJ,0.3333333333333333,Children’s Music,The Neighbourhood,Softcore,0.13157894736842105,0.0529502254473567,0.4140625,0.3178673958628924,0.4580924855491329,0.0027986577181208054,A,0.4054236146201785,0.7925061333729834,Minor,0.023960535588442567,0.21891806913898956,4/4,0.3482754868893483
0tgVpDi06FyKpA1z0VMD4v,BN,0.5833333333333334,Pop,Ed Sheeran,Perfect,0.8947368421052632,0.17847868272671472,0.45156250000000003,0.5283712119816177,0.28468208092485553,0.0,G#,0.10224018864746505,0.7328079696676826,Major,0.0,0.22772178920716868,3/4,0.1284952671091285
4xkOaSrkexMciUUogZKVTS,BO,0.3333333333333333,Hip-Hop,Eminem,'Till I Collapse,0.7894736842105263,0.08285360139610427,0.409375,0.6554879509414075,0.869942196531792,0.0,C#,0.05811015664477008,0.9639432012489778,Major,0.6828752642706131,0.8586026576643665,4/4,0.05668588836905668
4xkOaSrkexMciUUogZKVTS,BR,0.3333333333333333,Rap,Eminem,'Till I Collapse,0.7894736842105263,0.08285360139610427,0.409375,0.6554879509414075,0.869942196531792,0.0,C#,0.05811015664477008,0.9639432012489778,Major,0.6828752642706131,0.8586026576643665,4/4,0.05668588836905668
50a8bKqlwDEqeiEknrzkTO,BS,0.08333333333333333,Pop,21 Savage,ball w/o you,0.5526315789473685,0.051088110461537245,0.9093750000000003,0.27647052320074883,0.5520231213872833,0.0012684563758389262,G#,0.15782381674246254,0.6466433722399821,Major,0.2360817477096547,0.5830478743649572,4/4,0.44510934609944514
1zi7xx7UVEFkmKfv06H8x0,BT,0.5,Hip-Hop,Drake,One Dance,0.7368421052631579,0.009157662427908766,0.7593750000000001,0.1988582968796642,0.5187861271676301,0.019194630872483222,C#,0.5149065184436583,0.7666344509701881,Major,0.10007047216349543,0.3016928957950652,4/4,0.37112392557937113
1zi7xx7UVEFkmKfv06H8x0,BW,0.5,Rap,Drake,One Dance,0.7368421052631579,0.009157662427908766,0.7593750000000001,0.1988582968796642,0.5187861271676301,0.019194630872483222,C#,0.5149065184436583,0.7666344509701881,Major,0.10007047216349543,0.3016928957950652,4/4,0.37112392557937113
6TfBA04WJ3X1d1wXhaCFVT,BY,0.08333333333333333,Rock,The Offspring,"You're Gonna Go Far, Kid",0.5789473684210527,0.005532015014342667,0.36875000000000013,0.21300981392966253,0.9450867052023122,0.0,C,0.2790971871315479,0.9713775927440339,Major,0.15468639887244542,0.4848003442055967,4/4,0.5963442498095963
2Ch7LmS7r2Gy2kc64wv3Bz,BZ,0.16666666666666666,Rap,The Weeknd,Die For You,0.6052631578947368,0.1215198713957669,0.43125,0.5167736015242363,0.3959537572254336,0.0,C#,0.14940205490988714,0.669541298044755,Minor,0.13495419309372797,0.5469311092356318,4/4,0.49842236970949844
6RUKPb4LETWmmr3iAEQktW,CA,0.4166666666666667,Pop,The Chainsmokers,Something Just Like This,0.7368421052631579,0.054483731906266826,0.47968750000000004,0.4685220877909998,0.5549132947976879,9.664429530201342e-05,B,0.1999326259053394,0.6988328005352762,Minor,0.029950669485553208,0.29365867381555216,4/4,0.43096507452943095
0rKtyWc8bvkriBthvHKY8d,CD,0.16666666666666666,Children’s Music,Joji,SLOW DANCING IN THE DARK,0.7631578947368421,0.5958115119015436,0.32031250000000006,0.328901156812813,0.32947976878612717,0.040134228187919466,D#,0.2454101398012464,0.6476098431343394,Major,0.010218463706835811,0.17736517235102348,4/4,0.25470569034925467
0rKtyWc8bvkriBthvHKY8d,CG,0.16666666666666666,Pop,Joji,SLOW DANCING IN THE DARK,0.7631578947368421,0.5958115119015436,0.32031250000000006,0.328901156812813,0.32947976878612717,0.040134228187919466,D#,0.2454101398012464,0.6476098431343394,Major,0.010218463706835811,0.17736517235102348,4/4,0.25470569034925467
22VdIZQfgXJea34mQxlt81,CH,0.25,Pop,The Weeknd,Can't Feel My Face,0.6578947368421053,0.12261523315213128,0.6171875,0.3445489019675768,0.7485549132947977,0.0,A,0.10055583628094997,0.7912422868188239,Minor,0.06835799859055673,0.33436760495788437,4/4,0.5876400826895877
5E30LdtzQTGqRvNd7l6kG5,CI,0.3333333333333333,Pop,The Neighbourhood,Daddy Issues,0.5263157894736842,0.07420024352082567,0.434375,0.5164787782523613,0.39017341040462433,1.0,A#,0.1308741788782213,0.49869898148836517,Major,0.034178999295278366,0.14466564066921508,4/4,0.3123707975193124
6NFyWDv5CjfwuzoCkw47Xf,CL,0.4166666666666667,Dance,Taylor Swift,Delicate,0.6578947368421053,0.23653285581402686,0.6875000000000001,0.4135854563679984,0.2210982658959538,0.002395973154362416,A,0.07714333838639044,0.4453943944688127,Minor,0.15856236786469344,0.2276804183421867,4/4,0.0
4RvWPyQ5RL0ao9LPZeSouE,CM,0.5833333333333334,Dance,Tears For Fears,Everybody Wants To Rule The World,0.6842105263157895,0.4074092898068702,0.5125000000000001,0.48447571209033385,0.7933526011560695,0.037114093959731545,G,0.11403065521307058,0.30421529997769686,Major,0.11980267794221283,0.36842410101110395,4/4,0.5647916439995646
1Fid2jjqsHViMX6xNH70hE,CO,0.3333333333333333,Folk,Seafret,Atlantis,0.21052631578947367,0.057879353350996414,0.14062500000000006,0.40223476040081224,0.32947976878612717,1.436241610738255e-05,G#,0.11739935994610075,0.6081332242955914,Minor,0.026779422128259348,0.8160899568088169,4/4,0.17745620715917745
1Fid2jjqsHViMX6xNH70hE,CR,0.3333333333333333,Indie,Seafret,Atlantis,0.21052631578947367,0.057879353350996414,0.14062500000000006,0.40223476040081224,0.32947976878612717,1.436241610738255e-05,G#,0.11739935994610075,0.6081332242955914,Minor,0.026779422128259348,0.8160899568088169,4/4,0.17745620715917745
2nLtzopw4rPReszdYBJU6h,CV,0.4166666666666667,Rap,Linkin Park,Numb,0.7105263157894737,0.0049733805185968325,0.290625,0.24160767130153418,0.8843930635838151,0.0,A,1.0,0.8933164820459446,Major,0.0525017618040874,0.35156961061741876,4/4,0.21009683385921007
6NFyWDv5CjfwuzoCkw47Xf,CW,0.4166666666666667,Pop,Taylor Swift,Delicate,0.6578947368421053,0.23653285581402686,0.6875000000000001,0.4135854563679984,0.2210982658959538,0.002395973154362416,A,0.07714333838639044,0.4453943944688127,Minor,0.15856236786469344,0.2276804183421867,4/4,0.0
1Fid2jjqsHViMX6xNH70hE,CY,0.3333333333333333,Rock,Seafret,Atlantis,0.21052631578947367,0.057879353350996414,0.14062500000000006,0.40223476040081224,0.32947976878612717,1.436241610738255e-05,G#,0.11739935994610075,0.6081332242955914,Minor,0.026779422128259348,0.8160899568088169,4/4,0.17745620715917745
0d28khcov6AiegSCpG5TuT,CZ,0.25,Hip-Hop,Gorillaz,Feel Good Inc,0.6842105263157895,0.009091940722526903,0.7937500000000002,0.3781587549613229,0.6560693641618497,0.015637583892617452,F#,0.9562068384706081,0.7055237528808267,Major,0.5419309372797745,0.5877227821079283,4/4,0.7856598846697856
4gbVRS8gloEluzf0GzDOFc,DE,0.3333333333333333,Pop,Maroon 5,Maps,0.5789473684210527,0.022389632444790482,0.675,0.2577234484003995,0.6676300578034682,0.0,C#,0.02307562742125652,0.7915396624786261,Minor,0.02501761804087386,0.43442717900345856,4/4,0.9020781198999019
5E30LdtzQTGqRvNd7l6kG5,DJ,0.3333333333333333,Rock,The Neighbourhood,Daddy Issues,0.5263157894736842,0.07420024352082567,0.434375,0.5164787782523613,0.39017341040462433,1.0,A#,0.1308741788782213,0.49869898148836517,Major,0.034178999295278366,0.14466564066921508,4/4,0.3123707975193124
0d28khcov6AiegSCpG5TuT,DK,0.25,Children’s Music,Gorillaz,Feel Good Inc,0.6578947368421053,0.009091940722526903,0.7937500000000002,0.3781587549613229,0.6560693641618497,0.015637583892617452,F#,0.9562068384706081,0.7055237528808267,Major,0.5419309372797745,0.5877227821079283,4/4,0.7856598846697856
3ZFTkvIE7kyPt6Nu3PEa7V,DM,0.3333333333333333,Dance,Shakira,Hips Don't Lie,0.7105263157894737,0.3110174552468047,0.7312500000000002,0.3614017372461295,0.8280346820809249,0.0,A#,0.6058615462354725,0.7640324139469185,Minor,0.16913319238900634,0.26887752569130713,4/4,0.7682515504297682
3ZFTkvIE7kyPt6Nu3PEa7V,DO,0.3333333333333333,Pop,Shakira,Hips Don't Lie,0.7368421052631579,0.3110174552468047,0.7312500000000002,0.3614017372461295,0.8280346820809249,0.0,A#,0.6058615462354725,0.7640324139469185,Minor,0.16913319238900634,0.26887752569130713,4/4,0.7682515504297682
0ntQJM78wzOLVeCUAW7Y45,DZ,0.16666666666666666,Rock,Kings of Leon,Sex on Fire,0.6842105263157895,0.0018187386602674172,0.3625000000000001,0.3070584376577765,0.9450867052023122,0.0697986577181208,A,0.1527707596429173,0.7818006096201027,Major,0.10852713178294573,0.7105032352016416,4/4,0.3526275704493526
7KA4W4McWYRpgf0fWsJZWB,EC,0.75,Hip-Hop,"Tyler, The Creator",See You Again,0.6052631578947368,0.4063139280505058,0.3875000000000001,0.22244415862966144,0.44508670520231225,5.026845637583893e-05,F#,0.10729324574701028,0.5164671771615493,Major,0.2561663143058492,0.09126412815039138,4/4,0.6202807093896203
7KA4W4McWYRpgf0fWsJZWB,EE,0.75,Rap,"Tyler, The Creator",See You Again,0.6052631578947368,0.4063139280505058,0.3875000000000001,0.22244415862966144,0.44508670520231225,5.026845637583893e-05,F#,0.10729324574701028,0.5164671771615493,Major,0.2561663143058492,0.09126412815039138,4/4,0.6202807093896203
5UWwZ5lm5PKu6eKsHAGxOk,EG,0.3333333333333333,Children’s Music,Foo Fighters,Everlong,0.5789473684210527,0.0,0.159375,0.48100416806400614,0.911849710982659,0.002080536912751678,B,0.05928920330133064,0.7902014720095161,Minor,0.048273431994362244,0.7491270747488789,4/4,0.333043194429333
22VdIZQfgXJea34mQxlt81,ES,0.25,Rap,The Weeknd,Can't Feel My Face,0.6578947368421053,0.12261523315213128,0.6171875,0.3445489019675768,0.7485549132947977,0.0,A,0.10055583628094997,0.7912422868188239,Minor,0.06835799859055673,0.33436760495788437,4/4,0.5876400826895877
1G391cbiT3v3Cywg8T7DM1,ET,0.08333333333333333,Alternative,Red Hot Chili Peppers,Scar Tissue,0.47368421052631576,0.08526339726010591,0.44531250000000006,0.3533456913421461,0.6734104046242775,0.018389261744966443,C,0.10560889338049521,0.8449929373280797,Major,0.022198731501057084,0.1774065432160055,4/4,0.5408551844195408
0JXXNGljqupsJaZsgSbMZV,FI,0.5833333333333334,Pop,Miguel,Sure Thing,0.5263157894736842,0.030057164739341145,0.5843750000000002,0.2776719280336393,0.5086705202312138,0.0020872483221476513,B,0.2454101398012464,0.5978737640324139,Minor,0.2667371388301621,0.11146965860762213,4/4,0.49407028614949405
2DlHlPMa4M17kufBvI2lEN,FJ,0.25,Rap,System Of A Down,Chop Suey!,0.6842105263157895,0.00023922700758998068,0.1703125,0.33246114782070324,0.9869942196531793,0.010067114093959733,G,0.146033350176857,0.9115307412088322,Minor,0.34108527131782945,0.49446457826540235,4/4,0.25688173212925686
7sO5G9EABYOXQKNPNiE9NR,FM,0.25,Pop,Offset,Ric Flair Drip (& Metro Boomin),0.8157894736842105,0.16314361813761336,0.8906250000000002,0.1944838565832194,0.25578034682080925,0.00034026845637583894,A,0.11571500757958567,0.5864991450449781,Major,0.6441155743481325,0.26873686475036823,4/4,0.308018713959308
0JXXNGljqupsJaZsgSbMZV,FR,0.5833333333333334,R&B,Miguel,Sure Thing,0.5263157894736842,0.030057164739341145,0.5843750000000002,0.2776719280336393,0.5086705202312138,0.0020872483221476513,B,0.2454101398012464,0.5978737640324139,Minor,0.2667371388301621,0.11146965860762213,4/4,0.49407028614949405
40riOy7x9W7GXjyGp4pjAv,GA,0.25,Rock,Eagles,Hotel California - Eagles 2013 Remaster,0.7368421052631579,0.006222092920852227,0.4203125,1.0,0.37138728323699427,0.003315436241610738,D,0.020549098871483918,0.4969890714445023,Major,0.013389711064129674,0.6585993479951678,4/4,0.6083124795996082
7e89621JPkKaeDSTQ3avtg,GB,0.08333333333333333,Country,Lynyrd Skynyrd,Sweet Home Alabama,0.7105263157894737,0.19819519434127353,0.446875,0.6035511463097339,0.5115606936416185,0.0022214765100671144,G,0.06905844702711808,0.2991599137610587,Major,0.00810429880197322,0.25045921660130066,4/4,0.9096942661299098
3w3y8KPTfNeOKPiqUTakBh,GD,0.6666666666666666,Pop,Bruno Mars,Locked Out Of Heaven,0.631578947368421,0.05360744250117533,0.65,0.41809993771858384,0.6459537572254335,0.0,F,0.4441637190500252,0.8924243550665378,Major,0.07011980267794221,0.6326929123434113,4/4,0.8890218692198889
3w3y8KPTfNeOKPiqUTakBh,GE,0.6666666666666666,Dance,Bruno Mars,Locked Out Of Heaven,0.631578947368421,0.05360744250117533,0.65,0.41809993771858384,0.6459537572254335,0.0,F,0.4441637190500252,0.8924243550665378,Major,0.07011980267794221,0.6326929123434113,4/4,0.8890218692198889
7BqBn9nzAq8spo5e7cZ0dJ,GH,0.3333333333333333,Dance,Bruno Mars,Just the Way You Are,0.6578947368421053,0.016474678960422828,0.5109375,0.3711309052180034,0.8554913294797688,0.0,F,0.07124810510358767,0.7996431492082373,Major,0.07047216349541932,0.3432457925830313,4/4,0.4179088238494179
7BqBn9nzAq8spo5e7cZ0dJ,GM,0.3333333333333333,Pop,Bruno Mars,Just the Way You Are,0.6578947368421053,0.016474678960422828,0.5109375,0.3711309052180034,0.8554913294797688,0.0,F,0.07124810510358767,0.7996431492082373,Major,0.07047216349541932,0.3432457925830313,4/4,0.4179088238494179
0ofHAoxe9vBkTCp2UQIavz,GN,0.5,Rock,Fleetwood Mac,Dreams - 2004 Remaster,0.631578947368421,0.07047601354918677,0.8093750000000002,0.5077335829503702,0.34826589595375723,0.0287248322147651,C,0.13929594071079668,0.47765965355735635,Major,0.015503875968992253,0.43541180559003123,4/4,0.8041562397998042
3AJwUDP919kvQ9QcozQPxg,GQ,0.75,Pop,Coldplay,Yellow,0.7105263157894737,0.0025526310370315524,0.18593750000000003,0.540801698182046,0.592485549132948,0.00087248322147651,B,0.3178372915613947,0.6647832874879192,Major,0.017265680056377738,0.8757136474209404,4/4,0.25579371123925576
3d9DChrdc6BOeFsbrZ3Is0,GR,0.3333333333333333,Alternative,Red Hot Chili Peppers,Under the Bridge,0.6052631578947368,0.06302755360590899,0.38906250000000014,0.5317137708265002,0.1358381502890173,0.0007046979865771813,E,0.16119252147549265,0.19872128466285033,Major,0.07998590556730094,0.14109947210776283,4/4,0.44402132520944404
3d9DChrdc6BOeFsbrZ3Is0,GT,0.3333333333333333,Children’s Music,Red Hot Chili Peppers,Under The Bridge,0.7105263157894737,0.06302755360590899,0.38906250000000014,0.5317137708265002,0.1358381502890173,0.0007046979865771813,E,0.16119252147549265,0.19872128466285033,Major,0.07998590556730094,0.14109947210776283,4/4,0.44402132520944404
5Y6nVaayzitvsD5F7nr3DV,GW,0.25,Pop,Lana Del Rey,West Coast,0.34210526315789475,0.2124348971740105,0.3390625000000001,0.5039008804159957,0.4913294797687861,0.1302013422818792,F#,0.0764695974397844,0.6322949966545238,Minor,0.057787174066243854,0.46036671134720086,4/4,0.44728538787944727
31AOj9sFz2gM0O3hMARRBx,GY,0.3333333333333333,Alternative,R.E.M.,Losing My Religion,0.6052631578947368,0.17847868272671472,0.5640625000000001,0.5468971693280609,0.8641618497109826,0.0,A,0.08152265453932964,0.8281168686343022,Minor,0.018322762508809032,0.4806053384964173,4/4,0.8476770753998476
754kgU5rWscRTfvlsuEwFp,HK,0.08333333333333333,Pop,Sixpence None The Richer,Kiss Me,0.631578947368421,0.02512803683570143,0.3375000000000001,0.3267120940191414,0.7196531791907514,1.1812080536912752e-05,D#,0.04025602155971029,0.6843357371199167,Major,0.017970401691331926,0.26853001042545793,4/4,0.4037645522794037
3d9DChrdc6BOeFsbrZ3Is0,HN,0.3333333333333333,Rock,Red Hot Chili Peppers,Under The Bridge,0.7105263157894737,0.06302755360590899,0.38906250000000014,0.5317137708265002,0.1358381502890173,0.0007046979865771813,E,0.16119252147549265,0.19872128466285033,Major,0.07998590556730094,0.14109947210776283,4/4,0.44402132520944404
6n3HGiq4v35D6eFOSwqYuo,HR,0.08333333333333333,Pop,Drake,Teenage Fever,0.5263157894736842,0.12042450963940253,0.7156250000000002,0.3672945173927304,0.04479768786127164,0.1395973154362416,G#,0.11403065521307058,0.43275592892721726,Minor,0.22233967582804792,0.2442122159890119,4/4,0.1361114133391361
31AOj9sFz2gM0O3hMARRBx,HT,0.3333333333333333,Children’s Music,R.E.M.,Losing My Religion,0.7105263157894737,0.17847868272671472,0.5640625000000001,0.5468971693280609,0.8641618497109826,0.0,A,0.08152265453932964,0.8281168686343022,Minor,0.018322762508809032,0.4806053384964173,4/4,0.8476770753998476
754kgU5rWscRTfvlsuEwFp,HU,0.08333333333333333,Rock,Sixpence None The Richer,Kiss Me,0.631578947368421,0.02512803683570143,0.3375000000000001,0.3267120940191414,0.7196531791907514,1.1812080536912752e-05,D#,0.04025602155971029,0.6843357371199167,Major,0.017970401691331926,0.26853001042545793,4/4,0.4037645522794037
1R0a2iXumgCiFb7HEZ7gUE,ID,0.75,Pop,Taylor Swift,Don’t Blame Me,0.4473684210526316,0.116043062613945,0.47656250000000006,0.42891626650549664,0.4089595375722544,0.00011812080536912752,A,0.025939026444332148,0.7025499962828041,Minor,0.05426356589147288,0.5658624170514157,4/4,0.1556957893591557
7JJmb5XwzOO8jgpou264Ml,IE,0.4166666666666667,Pop,Shawn Mendes,There's Nothing Holdin' Me Back,0.7894736842105263,0.41617218385778526,0.8687500000000002,0.2926600061175829,0.8121387283236994,0.0,B,0.054909887148391436,0.9000074343914951,Minor,0.11346018322762509,0.45069420311439873,4/4,1.0
6DCZcSspjsKoFjzjrWoCdn,IL,0.3333333333333333,Hip-Hop,Drake,God's Plan,0.8947368421052632,0.036300726750618115,0.6937500000000001,0.29093897526801277,0.28612716763005785,0.0005563758389261745,G,0.8534613441131885,0.5172849602260055,Major,0.3023255813953488,0.07977130185837919,4/4,0.3341312153193341
5Ohxk2dO5COHF1krpoPigN,IN,0.16666666666666666,Pop,Harry Styles,Sign of the Times,0.631578947368421,0.030057164739341145,0.3218750000000001,0.8132699954670922,0.49710982658959535,0.0,F,0.10729324574701028,0.8578544346145269,Major,0.02854122621564483,0.433930728623674,4/4,0.18724839516918726
0rKtyWc8bvkriBthvHKY8d,IQ,0.16666666666666666,R&B,Joji,SLOW DANCING IN THE DARK,0.7631578947368421,0.5958115119015436,0.32031250000000006,0.328901156812813,0.32947976878612717,0.040134228187919466,D#,0.2454101398012464,0.6476098431343394,Major,0.010218463706835811,0.17736517235102348,4/4,0.25470569034925467
2t8yVaLvJ0RenpXUIAC52d,IS,0.0,Rap,21 Savage,a lot,1.0,0.04320150581571371,0.8234375,0.6213289896037943,0.5563583815028902,0.008389261744966443,C#,0.4997473471450228,0.6338562188684855,Major,0.22128259337561662,0.6490592265303083,4/4,0.24382548144924385
3yfqSUWxFvZELEM4PmlwIR,IT,0.4166666666666667,Hip-Hop,Eminem,The Real Slim Shady,0.6578947368421053,0.037067479980073176,1.0,0.6050252626691088,0.5982658959537573,0.0,F,0.0,0.8834287413575199,Minor,0.1331923890063425,0.30594582071521953,4/4,0.7726036339897725
31AOj9sFz2gM0O3hMARRBx,JM,0.3333333333333333,Pop,R.E.M.,Losing My Religion,0.7105263157894737,0.17847868272671472,0.5640625000000001,0.5468971693280609,0.8641618497109826,0.0,A,0.08152265453932964,0.8281168686343022,Minor,0.018322762508809032,0.4806053384964173,4/4,0.8476770753998476
4woTEX1wYOTGDqNXuavlRC,JO,0.3333333333333333,Rap,Eminem,Superman,0.47368421052631576,0.016365142784786388,0.7703125000000002,0.8483539648202131,0.7254335260115607,0.0,E,0.26730672056594235,0.9387406140807375,Minor,0.13847780126849896,0.5168875870856707,4/4,0.5517353933195518
0FDzzruyVECATHXKHFs9eJ,JP,0.3333333333333333,Pop,Coldplay,A Sky Full of Stars,0.6052631578947368,0.007744645762198715,0.37656250000000013,0.5470445809639984,0.5563583815028902,0.013624161073825504,F#,0.2892033013306384,0.6723663668128764,Major,0.017265680056377738,0.47550017375763287,4/4,0.11217495375911217
37F0uwRSrdzkBiuj0D5UHI,KE,0.5,Pop,The Weeknd,Reminder,0.5,0.1554760858430627,0.6171875,0.3643020611831995,0.3670520231213873,0.0,G#,0.1999326259053394,0.6873838376328898,Major,0.594785059901339,0.7654851147627796,4/4,0.37112392557937113
4KW1lqgSr8TKrvBII0Brf8,KG,0.4166666666666667,Pop,Kanye West,Father Stretch My Hands Pt. 1,0.5,0.1554760858430627,0.6312500000000001,0.058570328248860326,0.4552023121387283,8.389261744966444e-06,G,0.8837796867104597,0.8743587837335514,Major,0.11557434813248768,0.3768554832944447,4/4,0.43422913719943423
0lYBSQXN6rCTvUZvg9S0lU,KH,0.25,Pop,DJ Snake,Let Me Love You,0.7368421052631579,0.08438710785501441,0.5343750000000002,0.3166401939937129,0.6676300578034682,6.845637583892618e-05,G#,0.16624557857503786,0.8072262285331946,Major,0.047921071176885134,0.2688692515183107,4/4,0.11108693286911107
31AOj9sFz2gM0O3hMARRBx,KI,0.3333333333333333,Rock,R.E.M.,Losing My Religion,0.7105263157894737,0.17847868272671472,0.5640625000000001,0.5468971693280609,0.8641618497109826,0.0,A,0.08152265453932964,0.8281168686343022,Minor,0.018322762508809032,0.4806053384964173,4/4,0.8476770753998476
4RvWPyQ5RL0ao9LPZeSouE,KM,0.5833333333333334,Rock,Tears For Fears,Everybody Wants To Rule The World,0.6842105263157895,0.4074092898068702,0.5125000000000001,0.48447571209033385,0.7933526011560695,0.037114093959731545,G,0.11403065521307058,0.30421529997769686,Major,0.11980267794221283,0.36842410101110395,4/4,0.5647916439995646
6gBFPUFcJLzWGx4lenP6h2,KN,0.3333333333333333,Pop,Travis Scott,goosebumps,0.8157894736842105,0.0927118572033837,0.8296875,0.4562758661354934,0.6893063583815029,0.0,G,0.17466734040761325,0.951527767452234,Major,0.08879492600422834,0.5173095699084876,4/4,0.4135567402894135
0y1QJc3SJVPKJ1OvFmFqe6,KR,0.25,Indie,KALEO,Way Down We Go,0.5526315789473685,0.6341491733742969,0.27968750000000003,0.34523805136558455,0.3670520231213873,0.0022348993288590605,A#,0.09887148391443489,0.6056798751022229,Minor,0.3305144467935166,0.7920617584272451,4/4,0.3123707975193124
5UWwZ5lm5PKu6eKsHAGxOk,KW,0.3333333333333333,Alternative,Foo Fighters,Everlong,0.5,0.0,0.159375,0.48100416806400614,0.911849710982659,0.002080536912751678,B,0.05928920330133064,0.7902014720095161,Minor,0.048273431994362244,0.7491270747488789,4/4,0.333043194429333
5mCPDVBb16L4XQwDdbRUpz,KZ,0.3333333333333333,Hip-Hop,Drake,Passionfruit,0.7105263157894737,0.33292469037409234,0.7718750000000002,0.6593501358029696,0.300578034682081,0.5785234899328859,B,0.10897759811352536,0.34294847966693937,Major,0.05567300916138126,0.36766287709543427,4/4,0.3504515286693504
2zYzyRzz6pRmhPzyfMEC8s,LA,0.3333333333333333,Rock,AC/DC,Highway to Hell,0.7631578947368421,0.06467059624045557,0.4109375,0.325680212567579,0.9566473988439308,0.011610738255033557,F#,0.1864578069732188,0.8457363764775854,Minor,0.3833685694150811,0.39870757417796093,4/4,0.4048525731694048
4woTEX1wYOTGDqNXuavlRC,LB,0.3333333333333333,Hip-Hop,Eminem,Superman,0.47368421052631576,0.016365142784786388,0.7703125000000002,0.8483539648202131,0.7254335260115607,0.0,E,0.26730672056594235,0.9387406140807375,Minor,0.13847780126849896,0.5168875870856707,4/4,0.5517353933195518
1LzNfuep1bnAUR9skqdHCK,LC,0.08333333333333333,Rock,Mazzy Star,Fade Into You,0.4473684210526316,0.2682983467485939,0.171875,0.6470375789112913,0.11416184971098269,0.004557046979865772,A,0.03772949300993767,0.16682774514905951,Major,0.015151515151515157,0.7414900130731934,3/4,0.1361114133391361
1fewSx2d5KIZ04wsooEBOz,LI,0.08333333333333333,Rap,Metro Boomin,Space Cadet (feat. Gunna),0.8421052631578947,0.4030278427814127,0.9234375000000001,0.30676361438590155,0.30780346820809257,0.00011476510067114094,F,0.3245747010274549,0.4743141773845811,Minor,0.14552501761804087,0.34317959919906005,4/4,0.6398650854096399
5cZqsjVs6MevCnAkasbEOX,LK,0.0,Rap,Limp Bizkit,Break Stuff,0.42105263157894735,0.013626738393875439,0.18125000000000002,0.17202937913904234,0.9291907514450868,0.002751677852348993,G#,0.2386727303351861,0.7040368745818155,Major,0.5313601127554616,0.3408711049330619,4/4,0.6311609182896312
2yLa0QULdQr0qAIvVwN6B5,LR,0.16666666666666666,Dance,Taylor Swift,...Ready For It?,0.47368421052631576,0.05766028099972353,0.47343750000000007,0.3248952456062119,0.7413294797687862,0.0,D,0.2555162540003369,0.7181622184224221,Major,0.39746300211416496,0.7652534379188799,4/4,0.3994124687193994
55n9yjI6qqXh5F2mYvUc2y,LS,0.08333333333333333,Pop,ZAYN,I Don’t Wanna Live Forever (Fifty Shades Darker),0.47368421052631576,0.06412291536227338,0.6578125,0.4685220877909998,0.2803468208092486,0.00013154362416107382,C,0.1595081691089776,0.5762396847818007,Major,0.10606060606060606,0.4173658342848632,4/4,0.06103797192906103
7fBv7CLKzipRk6EC6TWHOB,LT,0.5,Pop,The Weeknd,The Hills,0.7105263157894737,0.07343349029137061,0.421875,0.4504383653523691,0.453757225433526,0.0,C,0.1510864072764022,0.67682700170991,Minor,0.09020436927413673,0.37612735607076075,4/4,0.09585464040909586
7fBv7CLKzipRk6EC6TWHOB,LU,0.5,R&B,The Weeknd,The Hills,0.7105263157894737,0.07343349029137061,0.421875,0.4504383653523691,0.453757225433526,0.0,C,0.1510864072764022,0.67682700170991,Minor,0.09020436927413673,0.37612735607076075,4/4,0.09585464040909586
7fBv7CLKzipRk6EC6TWHOB,LV,0.5,Rap,The Weeknd,The Hills,0.7105263157894737,0.07343349029137061,0.421875,0.4504383653523691,0.453757225433526,0.0,C,0.1510864072764022,0.67682700170991,Minor,0.09020436927413673,0.37612735607076075,4/4,0.09585464040909586
5XeFesFbtLpXzIVDNQP22n,LY,1.0,Indie,Arctic Monkeys,I Wanna Be Yours,0.47368421052631576,0.14890391530487643,0.2406250000000001,0.23559696184618334,0.2398843930635838,0.1476510067114094,C,0.0877547582954354,0.5073228756226302,Minor,0.008456659619450328,0.0,4/4,0.4668697638994668
5UWwZ5lm5PKu6eKsHAGxOk,MA,0.3333333333333333,Rock,Foo Fighters,Everlong,0.5789473684210527,0.0,0.159375,0.48100416806400614,0.911849710982659,0.002080536912751678,B,0.05928920330133064,0.7902014720095161,Minor,0.048273431994362244,0.7491270747488789,4/4,0.333043194429333
1R0a2iXumgCiFb7HEZ7gUE,MC,0.75,Dance,Taylor Swift,Don’t Blame Me,0.42105263157894735,0.116043062613945,0.47656250000000006,0.42891626650549664,0.4089595375722544,0.00011812080536912752,A,0.025939026444332148,0.7025499962828041,Minor,0.05426356589147288,0.5658624170514157,4/4,0.1556957893591557
5mCPDVBb16L4XQwDdbRUpz,MD,0.3333333333333333,Rap,Drake,Passionfruit,0.7105263157894737,0.33292469037409234,0.7718750000000002,0.6593501358029696,0.300578034682081,0.5785234899328859,B,0.10897759811352536,0.34294847966693937,Major,0.05567300916138126,0.36766287709543427,4/4,0.3504515286693504
4PhsKqMdgMEUSstTDAmMpg,ME,0.0,R&B,The Weeknd,Often,0.5526315789473685,0.2387235793267556,0.4046875,0.4754504346800615,0.5462427745664741,0.0,G,0.1510864072764022,0.4707456694669542,Minor,0.08914728682170543,0.5502904234721739,4/4,0.024698074203024695
2K7xn816oNHJZ0aVqdQsha,MG,0.3333333333333333,Rock,The Neighbourhood,Softcore,0.13157894736842105,0.0529502254473567,0.4140625,0.3178673958628924,0.4580924855491329,0.0027986577181208054,A,0.4054236146201785,0.7925061333729834,Minor,0.023960535588442567,0.21891806913898956,4/4,0.3482754868893483
7sO5G9EABYOXQKNPNiE9NR,MH,0.25,Rap,Offset,Ric Flair Drip (& Metro Boomin),0.8157894736842105,0.16314361813761336,0.8906250000000002,0.1944838565832194,0.25578034682080925,0.00034026845637583894,A,0.11571500757958567,0.5864991450449781,Major,0.6441155743481325,0.26873686475036823,4/4,0.308018713959308
04sN26COy28wTXYj3dMoiZ,MK,0.08333333333333333,Pop,Billie Eilish,Bored,0.6578947368421053,1.0,0.4625,0.22445632746020808,0.11127167630057806,0.008791946308724832,G,0.05659423951490652,0.2425841944836815,Major,0.09866102889358705,0.4335997617038177,4/4,0.059949951039059944
7MXVkk9YMctZqd1Srtv4MB,ML,0.9166666666666666,R&B,The Weeknd,Starboy,0.7894736842105263,0.1543807240866983,0.5750000000000002,0.4069519327508117,0.4869942196531792,4.2617449664429534e-05,G,0.15445511200943238,0.6805441974574381,Major,0.8907681465821001,0.9802991940955501,4/4,0.47448591012947444
0HPD5WQqrq7wPWR7P7Dw1i,MN,0.16666666666666666,Rap,Kesha,TiK ToK,0.5789473684210527,0.10848506649503077,0.6953125000000001,0.29359238471488747,0.846820809248555,0.0,D,0.41047667171972374,1.0,Minor,0.41860465116279066,0.43439408231147303,4/4,0.7225546730497224
7KXjTSCq5nL1LoYtL7XAwS,MO,0.25,Pop,Kendrick Lamar,HUMBLE.,0.8157894736842105,0.00024360845461543826,0.9343750000000003,0.2099620783566551,0.5346820809248555,0.00036174496644295306,C#,0.08505979450901127,0.7085718533937997,Minor,0.2776603241719521,0.6824786112628043,4/4,0.4037645522794037
6i0V12jOa3mr6uu4WYhUBr,MR,0.25,Rock,Twenty One Pilots,Heathens,0.7105263157894737,0.09205464014956506,0.659375,0.2796877821550844,0.2095375722543353,0.00024026845637583895,E,0.10055583628094997,0.5070998438777785,Minor,0.01902748414376322,0.18613579572721703,4/4,0.541943205309542
3xKsf9qdS1CyvXSMEid6g8,MT,0.6666666666666666,Hip-Hop,Frank Ocean,Pink + White,0.5789473684210527,0.7338270932034555,0.36562500000000014,0.23766072474930808,0.43497109826589603,0.00030671140939597316,A,0.6227050699006231,0.648204594453944,Major,0.26744186046511625,0.7629614919988748,3/4,0.5484713306495484
6dGnYIeXmHdcikdzNNDMm2,MU,0.25,Rock,The Beatles,Here Comes The Sun - Remastered 2009,0.7105263157894737,0.037067479980073176,0.38593750000000016,0.242145723772706,0.4176300578034683,0.016644295302013425,A,0.2251979114030655,0.42264515649394097,Major,0.04052149400986611,0.5100448460176404,4/4,0.3743879882493744
7MXVkk9YMctZqd1Srtv4MB,MV,0.9166666666666666,Pop,The Weeknd,Starboy,0.7894736842105263,0.1543807240866983,0.5750000000000002,0.4069519327508117,0.4869942196531792,4.2617449664429534e-05,G,0.15445511200943238,0.6805441974574381,Major,0.8907681465821001,0.9802991940955501,4/4,0.47448591012947444
7MXVkk9YMctZqd1Srtv4MB,MW,0.9166666666666666,Rap,The Weeknd,Starboy,0.7894736842105263,0.1543807240866983,0.5750000000000002,0.4069519327508117,0.4869942196531792,4.2617449664429534e-05,G,0.15445511200943238,0.6805441974574381,Major,0.8907681465821001,0.9802991940955501,4/4,0.47448591012947444
3xKsf9qdS1CyvXSMEid6g8,MX,0.6666666666666666,Children’s Music,Frank Ocean,Pink + White,0.5789473684210527,0.7338270932034555,0.36562500000000014,0.23766072474930808,0.43497109826589603,0.00030671140939597316,A,0.6227050699006231,0.648204594453944,Major,0.26744186046511625,0.7629614919988748,3/4,0.5484713306495484
3xKsf9qdS1CyvXSMEid6g8,MY,0.6666666666666666,Alternative,Frank Ocean,Pink + White,0.47368421052631576,0.7338270932034555,0.36562500000000014,0.23766072474930808,0.43497109826589603,0.00030671140939597316,A,0.6227050699006231,0.648204594453944,Major,0.26744186046511625,0.7629614919988748,3/4,0.5484713306495484
5E30LdtzQTGqRvNd7l6kG5,MZ,0.3333333333333333,Alternative,The Neighbourhood,Daddy Issues,0.42105263157894735,0.07420024352082567,0.434375,0.5164787782523613,0.39017341040462433,1.0,A#,0.1308741788782213,0.49869898148836517,Major,0.034178999295278366,0.14466564066921508,4/4,0.3123707975193124
6Qyc6fS4DsZjB2mRW9DsQs,NA,0.3333333333333333,Alternative,The Goo Goo Dolls,Iris,0.5263157894736842,0.0013039186347761586,0.007812500000000009,0.6246789190304737,0.6705202312138728,5.348993288590604e-05,B,0.08236483072258717,0.6019626793546949,Minor,0.045806906272022566,0.7314120703635673,3/4,0.48645413991948644
2kQuhkFX7uSVepCD3h29g5,NE,0.25,R&B,Akon,Smack That,0.47368421052631576,0.31978034929771976,0.9796875000000002,0.3402739645253898,0.703757225433526,0.0,F,0.10224018864746505,0.8079696676827002,Minor,0.08668076109936576,0.42583858743318603,4/4,0.9368947883799369
37F0uwRSrdzkBiuj0D5UHI,NG,0.5,Rap,The Weeknd,Reminder,0.5,0.1554760858430627,0.6171875,0.3643020611831995,0.3670520231213873,0.0,G#,0.1999326259053394,0.6873838376328898,Major,0.594785059901339,0.7654851147627796,4/4,0.37112392557937113
2QjOHCTQ1Jl3zawyYOpxh6,NI,0.8333333333333334,Children’s Music,The Neighbourhood,Sweater Weather,0.631578947368421,0.05415512337935752,0.47187500000000004,0.4436095213175652,0.8034682080924856,0.11879194630872485,A#,0.09381842681488968,0.9931603598245483,Major,0.03664552501761804,0.4676976286220192,4/4,0.37874007180937874
3xKsf9qdS1CyvXSMEid6g8,NL,0.6666666666666666,Rap,Frank Ocean,Pink + White,0.5789473684210527,0.7338270932034555,0.36562500000000014,0.23766072474930808,0.43497109826589603,0.00030671140939597316,A,0.6227050699006231,0.648204594453944,Major,0.26744186046511625,0.7629614919988748,3/4,0.5484713306495484
2QjOHCTQ1Jl3zawyYOpxh6,NO,0.8333333333333334,Pop,The Neighbourhood,Sweater Weather,0.631578947368421,0.05415512337935752,0.47187500000000004,0.4436095213175652,0.8034682080924856,0.11879194630872485,A#,0.09381842681488968,0.9931603598245483,Major,0.03664552501761804,0.4676976286220192,4/4,0.37874007180937874
08mG3Y1vljYA6bvDt4Wqkj,NP,0.25,Rock,AC/DC,Back In Black,0.7368421052631579,0.011983695759328866,0.0,0.49923161684767586,0.6488439306358381,0.06476510067114094,A,0.06316321374431531,0.7799420117463385,Major,0.08386187455954898,1.0,4/4,0.775867696659776
2kQuhkFX7uSVepCD3h29g5,NR,0.25,Pop,Akon,Smack That,0.47368421052631576,0.31978034929771976,0.9796875000000002,0.3402739645253898,0.703757225433526,0.0,F,0.10224018864746505,0.8079696676827002,Minor,0.08668076109936576,0.42583858743318603,4/4,0.9368947883799369
2QjOHCTQ1Jl3zawyYOpxh6,NZ,0.8333333333333334,Alternative,The Neighbourhood,Sweater Weather,0.5263157894736842,0.05415512337935752,0.47187500000000004,0.4436095213175652,0.8034682080924856,0.11879194630872485,A#,0.09381842681488968,0.9931603598245483,Major,0.03664552501761804,0.4676976286220192,4/4,0.37874007180937874
7ef4DlsgrMEH11cDZd32M6,OM,0.3333333333333333,Pop,Calvin Harris,One Kiss (with Dua Lipa),0.8947368421052632,0.04046310142480276,0.7515625000000001,0.3494392829898028,0.8829479768786128,0.0001469798657718121,A,0.0608051204311942,0.961192476395807,Minor,0.3058491895701198,0.4672094524152311,4/4,0.5898161244695899
2QjOHCTQ1Jl3zawyYOpxh6,PA,0.8333333333333334,Rock,The Neighbourhood,Sweater Weather,0.631578947368421,0.05415512337935752,0.47187500000000004,0.4436095213175652,0.8034682080924856,0.11879194630872485,A#,0.09381842681488968,0.9931603598245483,Major,0.03664552501761804,0.4676976286220192,4/4,0.37874007180937874
60a0Rd6pjrkxjPbaKzXjfq,PE,0.4166666666666667,Children’s Music,Linkin Park,In The End,0.7631578947368421,0.011216942529873802,0.3625000000000001,0.3571267998039425,0.869942196531792,0.0,D#,0.10560889338049521,0.7257452977473794,Minor,0.09372797744890768,0.3121679988085191,4/4,0.3482754868893483
6ORqU0bHbVCRjXm9AjyHyZ,PG,0.08333333333333333,Rock,Green Day,Good Riddance (Time of Your Life),0.5789473684210527,0.2003859178540023,0.2578125,0.12323612764373555,0.2615606936416185,0.0,G,0.19487956880579416,0.6189130919634227,Major,0.02466525722339677,0.22403978222376675,4/4,0.6507452943096508
60a0Rd6pjrkxjPbaKzXjfq,PH,0.4166666666666667,Rap,Linkin Park,In The End,0.7631578947368421,0.011216942529873802,0.3625000000000001,0.3571267998039425,0.869942196531792,0.0,D#,0.10560889338049521,0.7257452977473794,Minor,0.09372797744890768,0.3121679988085191,4/4,0.3482754868893483
5cZqsjVs6MevCnAkasbEOX,PK,0.0,Children’s Music,Limp Bizkit,Break Stuff,0.42105263157894735,0.013626738393875439,0.18125000000000002,0.17202937913904234,0.9291907514450868,0.002751677852348993,G#,0.2386727303351861,0.7040368745818155,Major,0.5313601127554616,0.3408711049330619,4/4,0.6311609182896312
6PGoSes0D9eUDeeAafB2As,PL,0.25,Hip-Hop,Kendrick Lamar,LOVE. FEAT. ZACARI.,0.6842105263157895,0.28911022011951715,0.7656250000000002,0.34410666705976434,0.48265895953757226,0.0,A#,0.18140474987367355,0.656159393353654,Major,0.24383368569415081,0.48428734547981933,4/4,0.7932760308997934
6TfBA04WJ3X1d1wXhaCFVT,PS,0.08333333333333333,Children’s Music,The Offspring,"You're Gonna Go Far, Kid",0.5789473684210527,0.005532015014342667,0.36875000000000013,0.21300981392966253,0.9450867052023122,0.0,C,0.2790971871315479,0.9713775927440339,Major,0.15468639887244542,0.4848003442055967,4/4,0.5963442498095963
6PGoSes0D9eUDeeAafB2As,PT,0.25,Rap,Kendrick Lamar,LOVE. FEAT. ZACARI.,0.6842105263157895,0.28911022011951715,0.7656250000000002,0.34410666705976434,0.48265895953757226,0.0,A#,0.18140474987367355,0.656159393353654,Major,0.24383368569415081,0.48428734547981933,4/4,0.7932760308997934
4VXIryQMWpIdGgYR4TrjT1,PW,0.25,Rap,Juice WRLD,All Girls Are The Same,0.8157894736842105,0.08416803550374152,0.5640625000000001,0.16876052611212866,0.4017341040462428,0.002248322147651007,C,0.06787940037055751,0.6648576314028698,Major,1.0,0.7815866554137915,4/4,0.16657599825916658
60a0Rd6pjrkxjPbaKzXjfq,PY,0.4166666666666667,Alternative,Linkin Park,In the End,0.6578947368421053,0.011216942529873802,0.3625000000000001,0.3571267998039425,0.869942196531792,0.0,D#,0.10560889338049521,0.7257452977473794,Minor,0.09372797744890768,0.3121679988085191,4/4,0.3482754868893483
5uCax9HTNlzGybIStD3vDh,QA,0.4166666666666667,Pop,James Arthur,Say You Won't Let Go,0.7894736842105263,0.7612111371125649,0.075,0.3369829997530855,0.4421965317919076,0.0,A#,0.07562742125652687,0.6520704780313732,Major,0.12614517265680056,0.1449221400321038,4/4,0.48319007724948315
3GCdLUSnKSMJhs4Tj6CV3s,RO,0.25,Hip-Hop,Kendrick Lamar,All The Stars (with SZA),0.7631578947368421,0.06620410269936569,0.6062500000000001,0.41334222716870156,0.5520231213872833,0.001302013422818792,G#,0.07966986693616304,0.8343617574901494,Major,0.12861169837914027,0.24322758940243924,4/4,0.5462952888695463
3sNVsP50132BTNlImLx70i,RS,0.3333333333333333,Pop,Kanye West,Bound 2,0.3684210526315789,0.14671319179214767,0.07656249999999999,0.4021389428374529,0.5939306358381504,0.0,C#,0.0764695974397844,0.9907070106311798,Major,0.08245243128964061,0.6997302619603171,4/4,0.25905777390925905
4BP3uh0hFLFRb5cjsgLqDh,RW,0.3333333333333333,Rock,Creedence Clearwater Revival,Fortunate Son,0.6578947368421053,0.22010242946856118,0.5156250000000001,0.07645504497897541,0.5953757225433527,0.05409395973154362,C,0.17972039750715849,0.6432978960672069,Major,0.05003523608174772,0.5398235946317167,4/4,0.667065607659667
6DCZcSspjsKoFjzjrWoCdn,SA,0.3333333333333333,Pop,Drake,God's Plan,0.8947368421052632,0.036300726750618115,0.6937500000000001,0.29093897526801277,0.28612716763005785,0.0005563758389261745,G,0.8534613441131885,0.5172849602260055,Major,0.3023255813953488,0.07977130185837919,4/4,0.3341312153193341
6gBFPUFcJLzWGx4lenP6h2,SB,0.3333333333333333,Rap,Travis Scott,goosebumps,0.8157894736842105,0.0927118572033837,0.8296875,0.4562758661354934,0.6893063583815029,0.0,G,0.17466734040761325,0.951527767452234,Major,0.08879492600422834,0.5173095699084876,4/4,0.4135567402894135
3dhjNA0jGA8vHBQ1VdD6vV,SC,0.0,Pop,The Weeknd,I Feel It Coming,0.6842105263157895,0.46655882465054677,0.7234375000000002,0.5496979904108731,0.8208092485549133,0.0,C,0.038066363483240696,0.7600178425395882,Minor,0.33403805496828753,0.21067699283456612,4/4,0.582199978239582
2wGSgTmgSF3xjRrHkTc25R,SE,0.16666666666666666,Pop,The Game,Hate It Or Love It,0.47368421052631576,0.1335688507157751,0.7765625000000002,0.3183096307707049,0.7716763005780348,0.0,A,0.1308741788782213,0.834287413575199,Major,0.6370683579985905,0.26847209121448307,4/4,0.407028614949407
6PGoSes0D9eUDeeAafB2As,SG,0.25,Pop,Kendrick Lamar,LOVE. FEAT. ZACARI.,0.6842105263157895,0.28911022011951715,0.7656250000000002,0.34410666705976434,0.48265895953757226,0.0,A#,0.18140474987367355,0.656159393353654,Major,0.24383368569415081,0.48428734547981933,4/4,0.7932760308997934
3sNVsP50132BTNlImLx70i,SI,0.3333333333333333,Rap,Kanye West,Bound 2,0.3684210526315789,0.14671319179214767,0.07656249999999999,0.4021389428374529,0.5939306358381504,0.0,C#,0.0764695974397844,0.9907070106311798,Major,0.08245243128964061,0.6997302619603171,4/4,0.25905777390925905
0JP9xo3adEtGSdUEISiszL,SK,0.08333333333333333,Rap,XXXTENTACION,Moonlight,0.9473684210526315,0.6089558529779162,0.9546875000000001,0.055511536803157555,0.41329479768786137,0.027114093959731547,A,0.09550277918140473,0.7765965355735633,Minor,0.20155038759689922,0.5004302569958131,4/4,0.7192906103797193
1LzNfuep1bnAUR9skqdHCK,SL,0.08333333333333333,Alternative,Mazzy Star,Fade Into You,0.3684210526315789,0.2682983467485939,0.171875,0.6470375789112913,0.11416184971098269,0.004557046979865772,A,0.03772949300993767,0.16682774514905951,Major,0.015151515151515157,0.7414900130731934,3/4,0.1361114133391361
7lQ8MOhq6IN2w8EYcFNSUk,SM,0.5833333333333334,Rap,Eminem,Without Me,0.7105263157894737,0.0037465753514687268,0.9671875000000001,0.627236510913989,0.5765895953757226,0.0,G,0.4424793666835102,0.987807597948108,Major,0.22057787174066246,0.37002929057240724,4/4,0.6583614405396583
7ycWLEP1GsNjVvcjawXz3z,SN,0.08333333333333333,Pop,A$AP Rocky,Praise The Lord (Da Shine) (feat. Skepta),0.8157894736842105,0.06664224740191145,0.8437500000000002,0.31329763514883047,0.4595375722543352,0.5476510067114094,F,0.09213407444837461,0.59601516615865,Minor,0.39746300211416496,0.10336096907114127,4/4,0.26558589924926557
57iDDD9N9tTWe75x6qhStw,SR,0.0,Children’s Music,The Verve,Bitter Sweet Symphony,0.631578947368421,0.03662933527752743,0.071875,0.87429841274521,0.96242774566474,0.0,A,0.6075458986019876,0.7555572076425544,Major,0.08703312191684284,0.8576014827318009,4/4,0.5093025786095093
7ycWLEP1GsNjVvcjawXz3z,ST,0.08333333333333333,Rap,A$AP Rocky,Praise The Lord (Da Shine) (feat. Skepta),0.8157894736842105,0.06664224740191145,0.8437500000000002,0.31329763514883047,0.4595375722543352,0.5476510067114094,F,0.09213407444837461,0.59601516615865,Minor,0.39746300211416496,0.10336096907114127,4/4,0.26558589924926557
7KA4W4McWYRpgf0fWsJZWB,SV,0.75,Pop,"Tyler, The Creator",See You Again,0.6052631578947368,0.4063139280505058,0.3875000000000001,0.22244415862966144,0.44508670520231225,5.026845637583893e-05,F#,0.10729324574701028,0.5164671771615493,Major,0.2561663143058492,0.09126412815039138,4/4,0.6202807093896203
48UPSzbZjgc449aqz8bxox,SZ,0.25,Rock,Red Hot Chili Peppers,Californication,0.7105263157894737,0.002234976127685882,0.44062500000000004,0.7728276131476438,0.7456647398843932,0.011073825503355705,A,0.1376115883442816,0.9947959259534607,Minor,0.013389711064129674,0.23957867911102285,4/4,0.3025786095093026
4RvWPyQ5RL0ao9LPZeSouE,TD,0.5833333333333334,Pop,Tears For Fears,Everybody Wants To Rule The World,0.6842105263157895,0.4074092898068702,0.5125000000000001,0.48447571209033385,0.7933526011560695,0.037114093959731545,G,0.11403065521307058,0.30421529997769686,Major,0.11980267794221283,0.36842410101110395,4/4,0.5647916439995646
4EchqUKQ3qAQuRNKmeIpnf,TG,0.08333333333333333,Rock,The Offspring,The Kids Aren't Alright,0.6052631578947368,0.0076570168216895645,0.3421875000000001,0.22160759759571622,1.0,0.00021208053691275171,C#,0.04092976250631631,0.8904170693628727,Major,0.03805496828752644,0.26540237303281533,4/4,0.8030682189098031
2JzZzZUQj3Qff7wapcbKjc,TH,0.16666666666666666,Rap,Wiz Khalifa,See You Again (feat. Charlie Puth),0.6842105263157895,0.40412320453777706,0.5921875,0.40353566808796054,0.33236994219653176,6.91275167785235e-06,A#,0.03301330638369547,0.6442643669615642,Major,0.20542635658914732,0.1034023399361234,4/4,0.25361766945925357
5XeFesFbtLpXzIVDNQP22n,TJ,1.0,Rock,Arctic Monkeys,I Wanna Be Yours,0.47368421052631576,0.14890391530487643,0.2406250000000001,0.23559696184618334,0.2398843930635838,0.1476510067114094,C,0.0877547582954354,0.5073228756226302,Minor,0.008456659619450328,0.0,4/4,0.4668697638994668
561jH07mF1jHuk7KlaeF0s,TL,0.5833333333333334,Hip-Hop,Eminem,Mockingbird,0.39473684210526316,0.26501226147950074,0.44062500000000004,0.48178913502537324,0.6170520231213874,0.0,E,0.23025096850261073,0.8741357519886997,Minor,0.792107117688513,0.13609359744493532,4/4,0.172016102709172
7qiZfU4dY1lWllzX7mPBI3,TN,0.5,Pop,Ed Sheeran,Shape of You,0.8421052631578947,0.6363398968870256,0.8046875,0.41896598107971655,0.5794797687861273,0.0,C#,0.08051204311942059,0.965430079547989,Minor,0.20084566596194503,0.2353919475748399,4/4,0.9586552061799586
561jH07mF1jHuk7KlaeF0s,TO,0.5833333333333334,Rap,Eminem,Mockingbird,0.39473684210526316,0.26501226147950074,0.44062500000000004,0.48178913502537324,0.6170520231213874,0.0,E,0.23025096850261073,0.8741357519886997,Minor,0.792107117688513,0.13609359744493532,4/4,0.172016102709172
0ct6r3EGTcMLPtrXHDvVjc,TR,0.4166666666666667,Pop,Avicii,The Nights,0.6578947368421053,0.0181177215949694,0.3390625000000001,0.2087017088693896,0.8439306358381503,0.0,F#,0.34310257705912073,0.8081926994275519,Major,0.0708245243128964,0.48366678250508865,4/4,0.6572734196496574
5O2P9iiztwhomNh8xkR9lJ,TT,0.5,Dance,One Direction,Night Changes,0.5263157894736842,0.9408504651563234,0.5656250000000002,0.39275250691913366,0.388728323699422,0.0,G#,0.11739935994610075,0.6261244517136273,Major,0.04263565891472868,0.43417067964056993,4/4,0.3482754868893483
5O2P9iiztwhomNh8xkR9lJ,TV,0.5,Pop,One Direction,Night Changes,0.5526315789473685,0.9408504651563234,0.5656250000000002,0.39275250691913366,0.388728323699422,0.0,G#,0.11739935994610075,0.6261244517136273,Major,0.04263565891472868,0.43417067964056993,4/4,0.3482754868893483
0ct6r3EGTcMLPtrXHDvVjc,TW,0.4166666666666667,Dance,Avicii,The Nights,0.631578947368421,0.0181177215949694,0.3390625000000001,0.2087017088693896,0.8439306358381503,0.0,F#,0.34310257705912073,0.8081926994275519,Major,0.0708245243128964,0.48366678250508865,4/4,0.6572734196496574
37F0uwRSrdzkBiuj0D5UHI,TZ,0.5,R&B,The Weeknd,Reminder,0.5,0.1554760858430627,0.6171875,0.3643020611831995,0.3670520231213873,0.0,G#,0.1999326259053394,0.6873838376328898,Major,0.594785059901339,0.7654851147627796,4/4,0.37112392557937113
5mCPDVBb16L4XQwDdbRUpz,UA,0.3333333333333333,Pop,Drake,Passionfruit,0.7105263157894737,0.33292469037409234,0.7718750000000002,0.6593501358029696,0.300578034682081,0.5785234899328859,B,0.10897759811352536,0.34294847966693937,Major,0.05567300916138126,0.36766287709543427,4/4,0.3504515286693504
2kSb3wYSOV996xA2NSmpck,UG,0.08333333333333333,Children’s Music,Kali Uchis,Melting,0.10526315789473684,0.19929055609763793,0.4109375,0.32735333463546945,0.33236994219653176,0.5322147651006711,G#,0.10224018864746505,0.6240428220950115,Major,0.044045102184637086,0.395108308924523,4/4,0.27755412903927756
1RMJOxR6GRPsBHL8qeC2ux,US,0.25,R&B,Daniel Caesar,Best Part (feat. H.E.R.),0.6842105263157895,0.8849870155817401,0.3343750000000001,0.3309538638432425,0.16329479768786126,0.0,G,0.09213407444837461,0.4430897331053454,Major,0.04756871035940805,0.06381042214830619,4/4,0.42008486562942005
7e89621JPkKaeDSTQ3avtg,UY,0.08333333333333333,Rock,Lynyrd Skynyrd,Sweet Home Alabama,0.7105263157894737,0.19819519434127353,0.446875,0.6035511463097339,0.5115606936416185,0.0022214765100671144,G,0.06905844702711808,0.2991599137610587,Major,0.00810429880197322,0.25045921660130066,4/4,0.9096942661299098
09CtPGIpYB4BrO8qb1RGsF,UZ,0.08333333333333333,Dance,Justin Bieber,Sorry,0.6842105263157895,0.09468350836483957,0.46093750000000006,0.29762409295777764,0.7471098265895955,0.0,C,0.4424793666835102,0.9252100215597353,Minor,0.08597603946441158,0.2704082476956428,4/4,0.3961484060493961
57iDDD9N9tTWe75x6qhStw,VC,0.0,Alternative,The Verve,Bitter Sweet Symphony,0.5263157894736842,0.03662933527752743,0.071875,0.87429841274521,0.96242774566474,0.0,A,0.6075458986019876,0.7555572076425544,Major,0.08703312191684284,0.8576014827318009,4/4,0.5093025786095093
6foY66mWZN0pSRjZ408c00,VE,0.08333333333333333,Country,Morgan Wallen,Whiskey Glasses,0.6052631578947368,0.3986463957559552,0.47656250000000006,0.4213024555093256,0.6199421965317921,1.174496644295302e-05,F#,0.11739935994610075,0.8614229425321537,Major,0.01902748414376322,0.6823214019758724,4/4,0.7094984223697094
2JzZzZUQj3Qff7wapcbKjc,VN,0.16666666666666666,Pop,Wiz Khalifa,See You Again (feat. Charlie Puth),0.6842105263157895,0.40412320453777706,0.5921875,0.40353566808796054,0.33236994219653176,6.91275167785235e-06,A#,0.03301330638369547,0.6442643669615642,Major,0.20542635658914732,0.1034023399361234,4/4,0.25361766945925357
1zB4vmk8tFRmM9UULNzbLB,VU,0.4166666666666667,Rock,Imagine Dragons,Thunder,0.868421052631579,0.007284593824525676,0.46093750000000006,0.247356725103096,0.8251445086705202,0.8993288590604028,C,0.1712986356745831,0.8427626198795628,Major,0.0725863284002819,0.8312978867762169,4/4,0.25905777390925905
7lQ8MOhq6IN2w8EYcFNSUk,WS,0.5833333333333334,Hip-Hop,Eminem,Without Me,0.7105263157894737,0.0037465753514687268,0.9671875000000001,0.627236510913989,0.5765895953757226,0.0,G,0.4424793666835102,0.987807597948108,Major,0.22057787174066246,0.37002929057240724,4/4,0.6583614405396583
7xoUc6faLbCqZO6fQEYprd,XK,0.16666666666666666,Dance,Ariana Grande,One Last Time,0.7631578947368421,0.10180335978120805,0.49687500000000007,0.28465186899527917,0.49421965317919075,1.1073825503355706e-05,G#,0.0853966649823143,0.8276708051445989,Major,0.0320648343904158,0.47574839894752513,4/4,0.058861930149058855
6DCZcSspjsKoFjzjrWoCdn,ZA,0.3333333333333333,Rap,Drake,God's Plan,0.8947368421052632,0.036300726750618115,0.6937500000000001,0.29093897526801277,0.28612716763005785,0.0005563758389261745,G,0.8534613441131885,0.5172849602260055,Major,0.3023255813953488,0.07977130185837919,4/4,0.3341312153193341
4bHsxqR3GMrXTxEPLuK5ue,ZM,0.25,Rock,Journey,Don't Stop Believin',0.6578947368421053,0.139045659497597,0.29687500000000006,0.48262569605931843,0.7182080924855492,0.0,E,0.6766043456291057,0.5276187644041336,Major,0.04615926708949965,0.42466365486769597,4/4,0.504950495049505
2K7xn816oNHJZ0aVqdQsha,ZW,0.3333333333333333,Alternative,The Neighbourhood,Softcore,0.0,0.0529502254473567,0.4140625,0.3178673958628924,0.4580924855491329,0.0027986577181208054,A,0.4054236146201785,0.7925061333729834,Minor,0.023960535588442567,0.21891806913898956,4/4,0.3482754868893483
